Customer_ID,Age (years),Gender,Income ($),Geographic Location
1,25,Male,124127,City B
2,19,Female,113670,City C
3,54,Male,97608,City B
4,61,Female,25369,City B
5,43,Female,87570,City B
6,65,Male,82735,City B
7,66,Female,83385,City C
8,31,Female,39596,City B
9,32,Male,144852,City B
10,43,Male,32258,City B
11,68,Female,30080,City A
12,43,Female,91868,City A
13,40,Male,49546,City C
14,57,Female,89535,City C
15,42,Female,82202,City A
16,68,Female,136445,City C
17,25,Male,28625,City C
18,67,Female,128510,City C
19,28,Male,63852,City C
20,49,Male,106702,City C
21,47,Female,125828,City A
22,44,Female,102847,City A
23,41,Male,147202,City C
24,27,Female,125504,City C
25,63,Female,49030,City C
26,37,Female,125792,City A
27,37,Male,88479,City B
28,18,Female,129986,City B
29,19,Male,22788,City A
30,56,Female,73899,City A
31,24,Female,84000,City C
32,68,Male,141482,City C
33,63,Female,80592,City C
34,69,Female,91022,City A
35,66,Female,80611,City C
36,23,Male,100085,City A
37,25,Female,83233,City B
38,28,Female,57308,City C
39,33,Female,106469,City C
40,69,Male,78818,City B
41,27,Female,140017,City A
42,60,Female,113320,City A
43,33,Female,26511,City A
44,66,Female,59310,City A
45,44,Male,40379,City B
46,40,Female,142239,City C
47,51,Male,135876,City C
48,64,Male,30331,City C
49,36,Male,82549,City A
50,18,Male,75122,City A
51,49,Female,81516,City C
52,35,Male,142937,City A
53,65,Female,24122,City B
54,39,Female,22660,City B
55,62,Female,63523,City A
56,30,Male,54507,City A
57,53,Male,74042,City B
58,20,Female,36200,City B
59,22,Female,27352,City A
60,41,Female,145894,City C
61,58,Male,148156,City C
62,50,Female,24885,City B
63,36,Male,64520,City A
64,51,Female,44074,City A
65,67,Female,21976,City C
66,52,Male,46906,City C
67,53,Female,63859,City C
68,53,Female,77634,City C
69,44,Female,148423,City B
70,38,Female,93158,City B
71,59,Female,105434,City B
72,35,Female,65146,City C
73,40,Female,29388,City A
74,60,Female,35770,City A
75,51,Male,138437,City B
76,30,Male,71834,City A
77,63,Male,133782,City A
78,51,Female,38425,City A
79,19,Female,125944,City C
80,45,Male,130916,City A
81,64,Male,113879,City A
82,18,Female,84281,City A
83,33,Female,98217,City B
84,42,Female,28516,City A
85,43,Male,38952,City A
86,46,Female,117142,City C
87,25,Male,111798,City B
88,53,Male,60483,City C
89,30,Male,47298,City A
90,50,Female,64636,City C
91,30,Female,73961,City A
92,30,Female,132443,City C
93,48,Female,149143,City C
94,43,Female,123426,City A
95,44,Male,108762,City B
96,44,Female,113075,City A
97,50,Female,37879,City B
98,61,Male,59823,City C
99,22,Male,119757,City C
100,31,Female,39858,City C
101,67,Female,92051,City A
102,31,Female,33982,City B
103,40,Male,32771,City A
104,18,Male,85469,City A
105,50,Male,66996,City C
106,53,Male,44993,City A
107,62,Female,115063,City A
108,51,Female,122564,City C
109,27,Female,130643,City A
110,25,Male,50278,City A
111,55,Female,68096,City A
112,23,Female,143312,City A
113,42,Female,121713,City B
114,58,Female,52832,City A
115,56,Female,122337,City C
116,20,Female,45351,City A
117,37,Female,105067,City B
118,43,Female,73421,City C
119,44,Female,99677,City B
120,56,Male,57153,City C
121,59,Female,68098,City C
122,21,Male,42583,City C
123,40,Female,30996,City A
124,40,Male,99610,City A
125,52,Female,95801,City C
126,61,Male,149426,City C
127,28,Male,75786,City A
128,18,Female,119642,City C
129,52,Male,97057,City C
130,29,Female,41380,City C
131,25,Female,143285,City C
132,32,Female,56830,City A
133,29,Male,97290,City A
134,58,Female,87963,City B
135,59,Male,35360,City A
136,58,Female,115756,City A
137,19,Female,48213,City C
138,64,Female,148026,City B
139,37,Male,102967,City B
140,67,Male,33495,City B
141,31,Female,38543,City A
142,60,Male,48213,City C
143,25,Female,57420,City A
144,28,Female,25536,City A
145,58,Male,105426,City C
146,51,Female,72580,City B
147,34,Female,75076,City B
148,27,Female,141604,City C
149,28,Female,57380,City C
150,67,Male,58650,City B
151,53,Male,20700,City B
152,61,Male,141319,City B
153,29,Male,23803,City C
154,40,Female,49898,City C
155,33,Male,46717,City C
156,36,Male,117257,City A
157,43,Male,48678,City A
158,54,Male,119933,City C
159,18,Male,78908,City B
160,54,Male,108345,City A
161,63,Male,46139,City B
162,39,Female,82166,City C
163,64,Female,75627,City A
164,44,Male,41594,City B
165,52,Female,22208,City A
166,25,Female,115923,City B
167,55,Female,54419,City C
168,24,Female,79284,City A
169,62,Female,125632,City B
170,39,Male,80337,City B
171,39,Male,143896,City A
172,37,Male,101323,City B
173,58,Female,137850,City A
174,50,Female,45453,City A
175,40,Female,136187,City C
176,63,Male,35067,City C
177,60,Male,60543,City B
178,51,Male,118599,City B
179,26,Male,107606,City C
180,66,Female,139401,City C
181,43,Male,116241,City C
182,25,Male,49105,City B
183,29,Male,85327,City C
184,64,Female,97015,City B
185,30,Female,114008,City B
186,20,Female,70701,City A
187,50,Male,85500,City B
188,52,Female,114049,City A
189,66,Female,53377,City C
190,38,Female,106341,City A
191,21,Male,143943,City C
192,64,Female,90444,City A
193,54,Male,27591,City A
194,37,Male,140582,City A
195,46,Male,52173,City A
196,33,Male,80373,City A
197,39,Male,22034,City A
198,27,Male,76803,City B
199,58,Female,142849,City A
200,48,Male,73549,City A
201,62,Female,90003,City A
202,37,Male,47478,City B
203,55,Male,52221,City C
204,19,Male,33847,City A
205,26,Male,118872,City B
206,36,Male,34753,City A
207,54,Male,64149,City C
208,19,Female,78351,City B
209,47,Female,44420,City B
210,56,Male,27790,City A
211,69,Male,75681,City A
212,27,Male,112487,City A
213,30,Female,90677,City C
214,19,Male,92413,City C
215,65,Female,91645,City A
216,63,Male,33466,City A
217,38,Male,68817,City A
218,67,Male,81561,City C
219,62,Female,122141,City A
220,25,Male,136024,City C
221,30,Male,57782,City C
222,24,Female,57756,City A
223,27,Male,79684,City B
224,56,Male,81002,City C
225,52,Male,148011,City B
226,54,Female,119095,City B
227,39,Male,141847,City C
228,25,Male,59684,City C
229,55,Female,57815,City B
230,44,Male,62583,City C
231,61,Male,43640,City C
232,46,Male,118944,City A
233,34,Male,53273,City B
234,36,Male,118032,City C
235,28,Female,50196,City B
236,51,Female,66223,City C
237,34,Male,111387,City C
238,67,Female,40014,City A
239,25,Male,84389,City A
240,27,Female,127043,City B
241,62,Male,30065,City A
242,19,Female,63727,City A
243,63,Female,115734,City C
244,52,Male,24205,City B
245,55,Male,56826,City C
246,34,Female,92386,City B
247,61,Female,65477,City A
248,67,Female,60695,City C
249,36,Male,92990,City C
250,47,Male,144907,City B
251,64,Male,142167,City A
252,23,Male,98163,City C
253,64,Female,126183,City C
254,62,Female,123551,City C
255,43,Female,120351,City C
256,43,Male,23176,City A
257,50,Male,52685,City A
258,42,Male,139222,City B
259,31,Male,39542,City B
260,60,Female,95336,City C
261,41,Female,117288,City C
262,25,Female,72847,City B
263,66,Male,47260,City B
264,54,Male,88268,City A
265,52,Male,74887,City A
266,42,Male,147230,City B
267,43,Female,57437,City B
268,24,Male,138772,City B
269,32,Male,60029,City C
270,50,Male,52711,City B
271,63,Male,125615,City B
272,68,Male,82391,City C
273,18,Female,25748,City A
274,20,Male,78598,City C
275,19,Male,23988,City C
276,39,Female,90422,City B
277,37,Male,63040,City C
278,29,Male,89219,City C
279,67,Male,120822,City A
280,44,Male,51232,City B
281,53,Male,134265,City C
282,31,Male,147827,City C
283,32,Female,65290,City C
284,64,Female,76170,City B
285,63,Male,62249,City C
286,62,Female,30431,City C
287,67,Male,68335,City B
288,44,Male,39890,City A
289,52,Male,108498,City A
290,39,Female,89630,City A
291,58,Female,60950,City B
292,54,Male,59951,City A
293,39,Female,94051,City A
294,28,Female,62070,City C
295,19,Male,39591,City C
296,65,Female,67131,City C
297,22,Female,57091,City A
298,39,Female,122820,City A
299,25,Male,52792,City B
300,26,Female,64472,City B
301,64,Female,25825,City B
302,36,Male,91125,City A
303,39,Female,100470,City B
304,50,Female,43477,City B
305,18,Female,123099,City C
306,23,Male,27774,City A
307,49,Male,124658,City C
308,61,Male,147367,City C
309,62,Female,65705,City A
310,68,Male,70511,City A
311,31,Male,96326,City C
312,51,Male,148943,City A
313,22,Male,61832,City C
314,35,Female,60202,City A
315,38,Male,120331,City C
316,36,Male,41106,City B
317,48,Male,109737,City B
318,31,Female,110536,City B
319,25,Female,41016,City C
320,29,Female,55695,City B
321,44,Male,83675,City B
322,35,Male,41154,City B
323,23,Female,43530,City B
324,67,Male,115648,City A
325,24,Female,94335,City C
326,64,Female,35499,City C
327,19,Male,125050,City C
328,31,Male,114212,City B
329,31,Male,131926,City C
330,66,Male,95853,City A
331,32,Male,96256,City A
332,34,Female,78615,City A
333,29,Male,148058,City C
334,66,Male,114772,City C
335,49,Male,134101,City B
336,31,Male,106580,City B
337,67,Male,86605,City A
338,47,Female,26933,City C
339,30,Male,135740,City B
340,38,Female,27417,City C
341,41,Male,27141,City B
342,61,Female,87976,City A
343,61,Male,85363,City A
344,32,Female,132595,City C
345,42,Male,21979,City B
346,21,Male,43937,City B
347,41,Female,63648,City B
348,43,Male,146467,City B
349,28,Male,107475,City C
350,43,Male,126750,City A
351,69,Male,24937,City C
352,23,Male,99146,City B
353,54,Male,66905,City B
354,35,Male,76272,City C
355,30,Male,52259,City A
356,33,Male,76533,City B
357,68,Male,129080,City A
358,59,Male,88429,City A
359,40,Male,36118,City B
360,32,Male,26642,City B
361,39,Male,63679,City C
362,35,Male,81819,City A
363,54,Male,69259,City A
364,29,Female,38237,City C
365,66,Male,48635,City B
366,25,Female,86844,City C
367,55,Male,109347,City A
368,60,Female,52285,City B
369,18,Male,147156,City B
370,67,Female,105425,City B
371,59,Male,27524,City C
372,67,Male,33874,City C
373,57,Male,75650,City C
374,44,Male,117766,City B
375,19,Female,94930,City C
376,28,Male,117978,City B
377,21,Male,84914,City A
378,51,Female,80592,City B
379,68,Female,76187,City C
380,69,Female,148755,City C
381,65,Female,52697,City B
382,68,Male,114410,City C
383,38,Male,128176,City B
384,28,Male,86843,City A
385,27,Female,104858,City A
386,50,Male,125448,City A
387,23,Female,80089,City C
388,67,Male,146152,City C
389,31,Male,27103,City C
390,39,Male,88151,City B
391,33,Female,144724,City A
392,44,Male,64257,City C
393,60,Male,126512,City C
394,31,Male,71357,City C
395,60,Male,50008,City A
396,37,Male,101173,City B
397,41,Male,29457,City B
398,66,Male,112953,City A
399,27,Female,115397,City C
400,52,Male,26704,City B
401,41,Male,144947,City B
402,36,Male,43584,City C
403,55,Male,120445,City C
404,62,Female,55905,City C
405,61,Male,46126,City A
406,23,Male,144936,City C
407,64,Female,41236,City C
408,39,Male,44350,City A
409,54,Female,28907,City A
410,62,Male,32116,City B
411,53,Male,141593,City B
412,37,Male,145719,City C
413,33,Female,34681,City B
414,54,Female,54141,City C
415,64,Male,103223,City B
416,28,Male,125097,City A
417,62,Female,128720,City B
418,40,Male,68940,City A
419,37,Male,103110,City A
420,40,Male,28225,City B
421,68,Male,47699,City C
422,30,Female,115088,City A
423,41,Female,121440,City A
424,59,Male,102356,City A
425,46,Female,46333,City B
426,41,Male,20401,City C
427,24,Male,81110,City B
428,30,Female,122821,City B
429,25,Male,111375,City B
430,43,Male,89742,City A
431,41,Female,109832,City B
432,59,Female,45612,City A
433,67,Male,138008,City B
434,22,Male,93330,City A
435,67,Male,64729,City A
436,58,Male,125693,City A
437,36,Male,114642,City A
438,23,Male,106969,City A
439,37,Male,80726,City C
440,26,Female,113592,City A
441,50,Male,61766,City A
442,56,Male,145405,City C
443,21,Male,79620,City C
444,47,Male,102716,City C
445,52,Male,148534,City B
446,53,Male,137365,City B
447,39,Male,110793,City A
448,28,Male,30763,City A
449,41,Male,110208,City A
450,19,Male,22194,City B
451,58,Male,42421,City C
452,59,Male,65213,City A
453,32,Male,135409,City C
454,69,Male,53661,City C
455,22,Female,136779,City A
456,29,Male,95985,City A
457,35,Male,144772,City B
458,36,Female,98816,City A
459,52,Male,116750,City C
460,61,Male,51972,City A
461,22,Male,149199,City C
462,49,Female,91081,City C
463,41,Male,72205,City C
464,18,Male,111848,City B
465,66,Male,59401,City C
466,22,Male,46089,City A
467,56,Female,65489,City A
468,40,Male,102729,City A
469,29,Female,23778,City C
470,47,Male,33590,City B
471,54,Male,25265,City B
472,38,Male,141138,City B
473,64,Female,95529,City B
474,28,Male,116034,City B
475,56,Male,21681,City B
476,27,Female,109686,City B
477,62,Male,95506,City A
478,38,Female,20288,City B
479,29,Male,61789,City C
480,23,Male,79868,City A
481,60,Female,78583,City B
482,24,Male,128727,City C
483,69,Male,84540,City A
484,33,Male,37034,City B
485,38,Male,93165,City A
486,37,Male,35980,City A
487,30,Male,107823,City C
488,32,Male,140171,City B
489,25,Female,98100,City C
490,32,Female,145670,City C
491,37,Female,56336,City B
492,44,Male,141551,City C
493,23,Male,102080,City A
494,27,Male,137202,City A
495,32,Male,28385,City B
496,30,Male,57965,City A
497,19,Male,99491,City A
498,46,Female,137736,City C
499,33,Male,123723,City C
500,18,Male,21344,City C
501,33,Female,128338,City A
502,22,Female,117503,City C
503,54,Male,116623,City C
504,48,Male,79320,City A
505,37,Male,33283,City B
506,53,Male,27906,City A
507,56,Female,22368,City A
508,30,Male,133320,City C
509,24,Male,54680,City C
510,32,Female,80648,City C
511,64,Male,93859,City A
512,63,Male,84932,City A
513,49,Male,66045,City B
514,58,Male,112784,City B
515,35,Male,22290,City C
516,26,Male,63623,City C
517,59,Male,85208,City C
518,30,Male,110774,City B
519,40,Male,44798,City B
520,58,Female,132318,City A
521,36,Female,112828,City B
522,46,Female,77940,City A
523,68,Male,126655,City A
524,69,Male,127206,City A
525,50,Female,71535,City A
526,52,Male,31211,City B
527,32,Female,78080,City B
528,68,Male,147994,City A
529,18,Male,139077,City A
530,36,Male,38017,City B
531,54,Male,89979,City B
532,45,Male,76891,City A
533,42,Male,94645,City B
534,50,Male,52941,City C
535,68,Male,28574,City C
536,29,Female,127641,City A
537,53,Male,145729,City A
538,41,Male,51901,City C
539,25,Male,87987,City B
540,60,Male,89806,City A
541,47,Female,25964,City B
542,19,Male,77298,City A
543,67,Male,25669,City B
544,35,Male,79105,City C
545,65,Male,80550,City A
546,21,Female,132112,City B
547,42,Female,43289,City C
548,44,Male,73525,City C
549,62,Female,126065,City C
550,64,Male,136382,City C
551,46,Female,79336,City C
552,49,Male,107092,City C
553,44,Male,56666,City C
554,44,Male,72963,City C
555,35,Male,84742,City C
556,40,Male,105335,City A
557,50,Male,86664,City B
558,34,Male,62774,City C
559,62,Female,25530,City A
560,23,Female,22176,City C
561,28,Male,129613,City C
562,49,Male,28392,City C
563,19,Female,64378,City B
564,49,Male,101234,City C
565,19,Female,68246,City C
566,24,Male,24117,City C
567,54,Female,101209,City B
568,24,Male,94936,City A
569,22,Male,25373,City C
570,21,Male,89111,City C
571,45,Male,137925,City B
572,29,Male,103334,City B
573,51,Male,91301,City C
574,23,Male,33865,City B
575,26,Female,109199,City B
576,37,Female,111921,City C
577,45,Male,120101,City A
578,32,Female,37035,City C
579,52,Male,66019,City B
580,66,Female,147812,City A
581,50,Male,28652,City A
582,69,Male,70628,City C
583,54,Male,22152,City B
584,35,Male,93471,City A
585,66,Male,40834,City C
586,52,Male,75953,City C
587,39,Male,116417,City B
588,49,Male,70670,City B
589,18,Male,73661,City A
590,23,Male,70799,City B
591,40,Female,37089,City B
592,60,Male,40090,City C
593,39,Male,104835,City C
594,45,Female,122793,City B
595,24,Female,102976,City C
596,18,Female,99254,City A
597,42,Male,27296,City C
598,20,Male,48291,City A
599,32,Male,126993,City B
600,69,Female,30117,City B
601,25,Male,66567,City A
602,33,Male,96578,City A
603,23,Male,38182,City B
604,58,Male,51808,City C
605,47,Male,35743,City C
606,26,Male,103658,City C
607,26,Female,123524,City C
608,26,Male,122778,City C
609,65,Male,75793,City A
610,31,Male,54381,City C
611,40,Male,120063,City B
612,52,Male,110611,City A
613,37,Male,63279,City B
614,25,Male,24277,City A
615,18,Male,60842,City A
616,49,Male,100304,City C
617,46,Male,95128,City A
618,40,Male,85272,City A
619,69,Female,47444,City B
620,52,Male,85616,City A
621,58,Male,62011,City C
622,40,Male,25075,City B
623,39,Female,88011,City A
624,50,Male,85796,City C
625,68,Male,129790,City B
626,67,Male,57082,City B
627,68,Male,144326,City A
628,55,Female,143661,City B
629,67,Female,104393,City A
630,30,Male,89780,City C
631,46,Male,131764,City A
632,54,Male,101186,City C
633,28,Male,65997,City B
634,25,Male,62064,City A
635,66,Male,147865,City A
636,57,Female,47083,City B
637,42,Male,83680,City A
638,33,Female,65135,City B
639,38,Female,72017,City B
640,26,Male,86033,City B
641,65,Female,25558,City A
642,68,Male,26026,City A
643,68,Male,91784,City A
644,58,Male,125273,City B
645,64,Female,85191,City A
646,52,Female,97235,City A
647,65,Female,36427,City C
648,28,Male,80677,City B
649,64,Female,30221,City A
650,20,Male,124319,City B
651,48,Male,50622,City A
652,29,Male,137109,City B
653,61,Male,103795,City A
654,19,Male,42616,City C
655,29,Female,74198,City C
656,52,Female,122117,City A
657,32,Male,79865,City C
658,54,Male,117673,City B
659,19,Female,65131,City C
660,27,Male,56420,City C
661,46,Male,35375,City C
662,34,Female,75327,City B
663,61,Male,30604,City C
664,42,Female,50031,City B
665,28,Male,53803,City B
666,32,Male,104718,City B
667,34,Female,26397,City B
668,60,Male,70970,City B
669,54,Male,130861,City B
670,44,Female,48401,City B
671,36,Female,48156,City C
672,19,Female,92437,City C
673,36,Male,53042,City A
674,38,Female,102566,City A
675,31,Male,74015,City C
676,35,Male,97598,City C
677,68,Male,80764,City A
678,37,Female,51585,City B
679,45,Female,44556,City B
680,66,Male,37885,City C
681,68,Female,118601,City A
682,20,Male,86859,City C
683,65,Male,30390,City B
684,22,Male,104880,City A
685,31,Male,27567,City A
686,44,Male,26525,City C
687,61,Male,122771,City B
688,29,Female,127740,City B
689,35,Female,138067,City B
690,58,Male,131090,City A
691,40,Female,124397,City C
692,45,Female,67167,City B
693,25,Female,72447,City B
694,63,Female,106266,City A
695,54,Female,112662,City C
696,68,Female,147800,City C
697,67,Male,67078,City C
698,31,Male,88637,City C
699,45,Male,102632,City B
700,64,Female,126095,City B
701,26,Male,65929,City B
702,58,Male,135196,City A
703,40,Male,120662,City C
704,22,Male,53669,City B
705,27,Female,106125,City B
706,52,Male,107597,City C
707,36,Female,78391,City B
708,28,Male,62320,City B
709,47,Female,24351,City B
710,36,Male,100715,City A
711,62,Male,84545,City A
712,56,Female,59450,City C
713,39,Female,48873,City A
714,27,Female,37044,City A
715,63,Male,111876,City A
716,43,Male,85278,City A
717,33,Male,68126,City B
718,51,Male,22485,City B
719,55,Male,115218,City A
720,58,Female,106463,City C
721,54,Male,21770,City B
722,35,Female,32740,City B
723,31,Male,126793,City A
724,31,Female,74067,City B
725,42,Female,144170,City C
726,31,Male,37606,City B
727,63,Male,87846,City B
728,64,Male,78145,City A
729,53,Male,103076,City C
730,25,Female,78902,City C
731,61,Male,30748,City B
732,36,Female,56434,City A
733,21,Female,66505,City A
734,65,Female,133431,City C
735,34,Male,34949,City A
736,22,Male,47309,City A
737,67,Female,138077,City A
738,20,Female,64687,City A
739,59,Female,138496,City A
740,48,Male,36919,City C
741,61,Male,60063,City A
742,49,Male,68754,City C
743,33,Male,23408,City C
744,24,Male,72388,City B
745,20,Male,40913,City B
746,22,Female,123468,City C
747,24,Male,69557,City C
748,58,Male,69892,City B
749,43,Male,135271,City C
750,61,Male,107316,City C
751,37,Male,61466,City C
752,54,Male,85218,City B
753,21,Female,33003,City C
754,38,Female,20502,City C
755,40,Male,38779,City B
756,54,Female,48373,City B
757,36,Male,29272,City C
758,47,Female,80659,City C
759,52,Female,34897,City C
760,36,Male,120354,City A
761,32,Male,69258,City C
762,51,Male,86110,City B
763,34,Female,123779,City C
764,50,Male,143238,City B
765,18,Female,68651,City C
766,27,Male,66155,City B
767,47,Female,95363,City A
768,26,Male,132485,City A
769,55,Male,126645,City C
770,29,Male,50735,City C
771,46,Male,105847,City A
772,69,Male,111040,City A
773,55,Male,68655,City B
774,58,Male,89912,City A
775,60,Male,146765,City C
776,29,Male,85333,City A
777,50,Male,149898,City B
778,66,Female,92080,City C
779,66,Male,56345,City A
780,43,Male,94546,City B
781,46,Male,48827,City C
782,60,Male,24047,City A
783,31,Female,39358,City C
784,53,Female,86069,City C
785,35,Male,110095,City C
786,38,Female,121053,City C
787,47,Female,146612,City A
788,37,Male,78700,City B
789,24,Male,29593,City B
790,44,Male,84970,City A
791,29,Male,110396,City B
792,26,Male,84081,City B
793,49,Male,61977,City C
794,39,Female,94553,City B
795,33,Female,149012,City B
796,31,Male,82157,City C
797,51,Female,132979,City A
798,39,Female,36066,City C
799,66,Male,48161,City A
800,59,Female,131850,City A
801,25,Female,91109,City B
802,39,Male,36939,City C
803,37,Female,62818,City C
804,22,Male,81577,City A
805,28,Female,73273,City C
806,22,Female,63784,City A
807,27,Male,94032,City B
808,66,Female,77177,City B
809,47,Male,131232,City B
810,59,Male,24612,City C
811,60,Female,126035,City B
812,27,Male,29545,City C
813,37,Male,89567,City A
814,56,Male,76871,City B
815,30,Male,74597,City A
816,43,Male,129322,City B
817,31,Male,85996,City C
818,29,Female,55612,City C
819,51,Female,61349,City A
820,56,Male,52353,City A
821,43,Male,66266,City C
822,54,Male,84818,City B
823,25,Male,117103,City A
824,58,Female,141268,City C
825,47,Male,29945,City C
826,36,Male,21986,City C
827,67,Male,121087,City A
828,45,Female,99790,City A
829,44,Male,23893,City C
830,67,Male,32121,City C
831,59,Male,95111,City B
832,48,Male,25756,City B
833,20,Male,127592,City C
834,65,Female,31762,City A
835,69,Male,117586,City B
836,29,Female,80751,City C
837,58,Female,65171,City B
838,36,Male,120471,City C
839,51,Male,108852,City C
840,24,Female,54335,City B
841,67,Male,145239,City C
842,24,Female,89468,City A
843,40,Female,81724,City A
844,27,Male,21935,City B
845,47,Female,136569,City C
846,44,Female,120775,City B
847,54,Male,44709,City B
848,21,Female,91578,City B
849,21,Male,124630,City C
850,43,Male,84605,City A
851,69,Male,108792,City B
852,19,Female,87073,City B
853,47,Male,118799,City B
854,22,Male,25042,City A
855,55,Male,50011,City C
856,64,Male,112405,City C
857,22,Male,30806,City B
858,54,Female,75596,City A
859,40,Female,116565,City C
860,38,Female,126805,City B
861,51,Male,84749,City B
862,53,Female,80379,City B
863,55,Male,100268,City C
864,62,Female,104942,City A
865,35,Male,99685,City B
866,26,Male,125147,City A
867,66,Female,79564,City B
868,31,Male,88844,City B
869,58,Male,36354,City C
870,62,Male,54612,City B
871,67,Male,95976,City B
872,61,Female,81485,City C
873,63,Male,135604,City C
874,20,Female,44321,City C
875,29,Male,144477,City A
876,42,Female,45293,City B
877,34,Female,65208,City B
878,49,Male,91034,City B
879,39,Female,109304,City A
880,29,Female,66610,City C
881,21,Male,75593,City A
882,31,Male,74818,City B
883,23,Male,74467,City B
884,23,Male,74664,City A
885,43,Male,62302,City B
886,36,Male,65960,City B
887,36,Male,134773,City A
888,36,Male,61532,City B
889,49,Female,101471,City B
890,55,Female,123219,City C
891,59,Male,137588,City B
892,43,Male,80666,City A
893,56,Male,147583,City B
894,29,Male,81207,City A
895,37,Female,145426,City C
896,41,Male,49637,City B
897,56,Male,68525,City A
898,64,Male,55426,City B
899,28,Male,72802,City C
900,27,Male,83048,City A
901,27,Male,65084,City C
902,28,Male,64971,City B
903,53,Female,71939,City B
904,24,Male,81604,City C
905,24,Male,71489,City A
906,34,Male,55801,City C
907,66,Female,67356,City C
908,69,Male,120544,City A
909,57,Female,40496,City A
910,62,Male,24920,City B
911,59,Female,79972,City A
912,24,Male,145021,City C
913,30,Male,50016,City B
914,34,Male,121770,City A
915,56,Male,65782,City B
916,58,Male,59072,City A
917,68,Female,83509,City A
918,69,Female,30406,City C
919,53,Female,93875,City A
920,32,Female,58055,City B
921,59,Male,85631,City B
922,43,Male,127760,City C
923,49,Male,143009,City A
924,44,Male,102701,City C
925,27,Male,50907,City C
926,39,Male,52740,City A
927,30,Male,147551,City A
928,22,Male,23659,City A
929,34,Male,62651,City A
930,43,Female,50024,City C
931,23,Male,85037,City A
932,30,Male,20302,City C
933,43,Male,144057,City C
934,28,Male,100367,City B
935,33,Female,51108,City C
936,63,Female,135029,City C
937,61,Male,110695,City B
938,19,Female,99688,City A
939,65,Female,142660,City C
940,22,Female,125826,City C
941,40,Male,87327,City C
942,57,Male,53469,City B
943,69,Male,134647,City A
944,23,Male,114194,City C
945,47,Female,69916,City A
946,38,Female,51485,City C
947,28,Male,58162,City C
948,32,Male,113211,City C
949,57,Female,143314,City A
950,29,Male,74082,City C
951,23,Female,100010,City B
952,66,Male,109925,City B
953,48,Female,146542,City A
954,18,Male,117758,City C
955,25,Male,120889,City A
956,38,Male,135288,City C
957,63,Male,49610,City B
958,69,Male,40642,City A
959,30,Male,121778,City B
960,43,Male,87232,City A
961,22,Female,108233,City A
962,40,Male,33646,City C
963,45,Male,50565,City A
964,50,Male,52441,City B
965,55,Female,24242,City C
966,25,Male,77637,City A
967,26,Male,62851,City B
968,18,Male,132238,City A
969,22,Male,80960,City C
970,24,Female,89099,City C
971,28,Male,28127,City C
972,49,Male,82200,City B
973,58,Male,81208,City C
974,55,Female,88679,City B
975,61,Male,53759,City B
976,20,Male,136382,City A
977,32,Male,139429,City C
978,18,Male,67666,City A
979,68,Male,51888,City B
980,22,Female,122466,City C
981,52,Male,95544,City B
982,61,Female,38585,City A
983,52,Male,126099,City B
984,61,Male,97230,City B
985,58,Male,128317,City B
986,18,Male,42132,City B
987,32,Female,60013,City A
988,66,Female,133915,City B
989,32,Male,34882,City C
990,20,Male,125008,City B
991,60,Male,110541,City C
992,46,Male,50158,City A
993,21,Female,85411,City A
994,53,Female,55892,City A
995,27,Male,39968,City C
996,38,Male,87845,City C
997,25,Male,138826,City B
998,27,Male,89532,City B
999,35,Male,82275,City C
1000,37,Male,142898,City C
1001,56,Male,30765,City C
1002,37,Female,141169,City B
1003,40,Male,74668,City C
1004,23,Male,60808,City A
1005,54,Male,82403,City A
1006,62,Female,120226,City C
1007,50,Female,82774,City A
1008,56,Female,46589,City B
1009,35,Male,94180,City A
1010,53,Male,108673,City A
1011,38,Male,118811,City B
1012,32,Male,21727,City A
1013,52,Female,85993,City B
1014,20,Male,33796,City C
1015,66,Male,47036,City B
1016,19,Female,28935,City C
1017,40,Male,145919,City A
1018,41,Female,145093,City B
1019,41,Male,40901,City A
1020,21,Male,37153,City C
1021,68,Male,119122,City C
1022,24,Male,84968,City A
1023,69,Female,107597,City B
1024,31,Male,51997,City B
1025,54,Female,49747,City B
1026,18,Female,61674,City C
1027,63,Male,33600,City C
1028,49,Male,25038,City A
1029,26,Male,110589,City A
1030,49,Female,73843,City B
1031,43,Male,96016,City A
1032,36,Male,149342,City A
1033,32,Female,25895,City A
1034,38,Male,101748,City B
1035,51,Male,147825,City A
1036,32,Male,68455,City B
1037,47,Female,69203,City B
1038,57,Male,94799,City C
1039,29,Male,134486,City C
1040,34,Male,76544,City B
1041,19,Male,65199,City C
1042,68,Male,110868,City B
1043,56,Male,103168,City B
1044,29,Female,26287,City B
1045,30,Male,92864,City C
1046,69,Male,144553,City A
1047,64,Female,127648,City A
1048,49,Female,88897,City A
1049,58,Female,137673,City B
1050,30,Male,126161,City C
1051,48,Female,95743,City C
1052,32,Female,21075,City B
1053,25,Male,69509,City C
1054,33,Male,78216,City B
1055,52,Male,139275,City B
1056,37,Female,73389,City A
1057,55,Male,47110,City C
1058,66,Male,136414,City A
1059,60,Male,128726,City A
1060,61,Male,92840,City C
1061,23,Female,45933,City B
1062,30,Male,41500,City B
1063,22,Male,115768,City A
1064,38,Male,82954,City B
1065,36,Male,120521,City B
1066,44,Female,29422,City A
1067,26,Female,128561,City B
1068,52,Male,62016,City C
1069,44,Female,124856,City B
1070,26,Female,133710,City B
1071,40,Female,65811,City A
1072,56,Male,21599,City C
1073,22,Male,130519,City B
1074,35,Male,67251,City A
1075,31,Male,60485,City A
1076,55,Male,50704,City B
1077,56,Male,121892,City A
1078,32,Male,21433,City C
1079,30,Male,123619,City C
1080,66,Male,142891,City B
1081,49,Male,37582,City A
1082,25,Female,73505,City B
1083,40,Male,27701,City A
1084,21,Male,125683,City C
1085,20,Male,82646,City C
1086,37,Male,88136,City A
1087,64,Female,70244,City A
1088,36,Male,84619,City A
1089,26,Female,60046,City A
1090,23,Female,93281,City A
1091,51,Male,44842,City A
1092,47,Female,110987,City B
1093,43,Male,139666,City A
1094,59,Female,57785,City B
1095,47,Male,45896,City B
1096,59,Male,60706,City B
1097,21,Male,50084,City C
1098,53,Male,69815,City C
1099,56,Male,89158,City B
1100,40,Male,143513,City B
1101,50,Male,72639,City B
1102,34,Male,98694,City A
1103,63,Male,55034,City B
1104,53,Male,140700,City A
1105,61,Male,91467,City C
1106,18,Male,41149,City A
1107,38,Male,82138,City A
1108,59,Male,127490,City A
1109,20,Female,48149,City B
1110,23,Male,35931,City A
1111,24,Female,104826,City C
1112,58,Female,108495,City C
1113,28,Female,113358,City A
1114,44,Female,52082,City A
1115,64,Male,101119,City A
1116,62,Male,142136,City A
1117,62,Male,140821,City C
1118,31,Female,37762,City C
1119,29,Female,52480,City C
1120,39,Female,88651,City B
1121,43,Male,100371,City A
1122,25,Male,71612,City C
1123,25,Male,70217,City B
1124,49,Male,137365,City B
1125,24,Female,39261,City B
1126,23,Male,89349,City B
1127,25,Male,40517,City A
1128,61,Male,102062,City C
1129,62,Male,28213,City A
1130,21,Male,120098,City B
1131,26,Male,79917,City A
1132,44,Male,21331,City C
1133,64,Male,113410,City B
1134,61,Female,129892,City B
1135,56,Female,69122,City B
1136,29,Female,66097,City C
1137,63,Female,95977,City A
1138,59,Male,95898,City A
1139,63,Male,24728,City B
1140,32,Female,141759,City B
1141,48,Female,37032,City C
1142,39,Male,66415,City A
1143,45,Male,30366,City A
1144,53,Male,112100,City A
1145,32,Male,57903,City B
1146,59,Male,126824,City C
1147,54,Male,126988,City B
1148,36,Male,68188,City B
1149,51,Male,131593,City C
1150,32,Female,144022,City C
1151,66,Female,65390,City A
1152,52,Male,74931,City B
1153,67,Male,55685,City B
1154,29,Male,38367,City C
1155,62,Male,93284,City B
1156,18,Female,27996,City B
1157,30,Male,83990,City B
1158,30,Female,121743,City A
1159,66,Male,52603,City B
1160,51,Male,149973,City C
1161,20,Female,40468,City B
1162,52,Male,120241,City C
1163,20,Male,138764,City C
1164,42,Male,79788,City B
1165,50,Female,124812,City A
1166,43,Male,111647,City B
1167,45,Male,47732,City B
1168,34,Male,30410,City B
1169,54,Female,53932,City C
1170,32,Male,123715,City C
1171,29,Male,34211,City C
1172,22,Female,127411,City B
1173,51,Male,21028,City B
1174,40,Male,28881,City B
1175,22,Male,77481,City A
1176,36,Male,124972,City A
1177,46,Male,111255,City C
1178,29,Male,111106,City C
1179,40,Male,49372,City B
1180,61,Male,148625,City C
1181,52,Male,102183,City C
1182,69,Male,63120,City A
1183,23,Male,128926,City A
1184,21,Female,63448,City A
1185,53,Male,29066,City B
1186,66,Female,111453,City C
1187,67,Female,67449,City A
1188,35,Male,103332,City B
1189,63,Female,125391,City B
1190,55,Male,30404,City C
1191,66,Female,102988,City A
1192,30,Female,118523,City B
1193,30,Male,80470,City A
1194,61,Female,135780,City A
1195,57,Male,136879,City A
1196,60,Male,47529,City A
1197,33,Male,41861,City C
1198,65,Male,141690,City C
1199,61,Male,68137,City B
1200,57,Male,82216,City B
1201,30,Female,45380,City C
1202,67,Male,109590,City B
1203,68,Female,115138,City A
1204,69,Female,109659,City A
1205,63,Male,128968,City B
1206,64,Male,45419,City C
1207,59,Female,113107,City B
1208,20,Male,38511,City C
1209,46,Female,48698,City B
1210,26,Male,23834,City B
1211,26,Female,57408,City B
1212,64,Male,148047,City C
1213,44,Male,118183,City B
1214,51,Female,67388,City B
1215,34,Male,21939,City A
1216,29,Female,41855,City A
1217,24,Male,73388,City B
1218,25,Male,110701,City C
1219,57,Male,52805,City C
1220,34,Female,136928,City C
1221,41,Male,119276,City A
1222,27,Male,108701,City C
1223,65,Female,71541,City C
1224,41,Female,94104,City B
1225,36,Male,80586,City B
1226,39,Female,124355,City B
1227,65,Female,61707,City B
1228,48,Female,148922,City A
1229,27,Female,38102,City A
1230,52,Female,58608,City C
1231,61,Female,90295,City B
1232,62,Female,141436,City A
1233,34,Female,123936,City A
1234,59,Female,89109,City A
1235,33,Female,99574,City A
1236,67,Female,25288,City C
1237,25,Female,131308,City A
1238,48,Female,69454,City B
1239,32,Female,91788,City A
1240,51,Female,35802,City B
1241,58,Female,95010,City C
1242,52,Female,129294,City B
1243,66,Female,29557,City A
1244,57,Female,90200,City B
1245,62,Female,41999,City C
1246,42,Female,78565,City A
1247,55,Female,32006,City B
1248,69,Female,60578,City A
1249,67,Female,83257,City A
1250,19,Female,66472,City C
1251,19,Female,44317,City C
1252,22,Female,135101,City A
1253,62,Female,49513,City B
1254,56,Female,47440,City B
1255,30,Female,96143,City B
1256,56,Female,20203,City C
1257,35,Female,139567,City A
1258,67,Female,52817,City A
1259,38,Female,71220,City C
1260,23,Female,20386,City B
1261,28,Female,48025,City C
1262,35,Female,32231,City C
1263,49,Female,63517,City A
1264,26,Female,46940,City C
1265,45,Female,84668,City C
1266,59,Female,36500,City B
1267,44,Female,141186,City A
1268,53,Female,82111,City C
1269,66,Female,71778,City B
1270,32,Female,34764,City C
1271,59,Female,23515,City C
1272,24,Female,39161,City B
1273,69,Female,118417,City B
1274,35,Female,86462,City C
1275,53,Female,56271,City B
1276,27,Female,77154,City A
1277,32,Female,71145,City B
1278,22,Female,80911,City C
1279,48,Female,80115,City C
1280,50,Female,119947,City A
1281,34,Female,126413,City A
1282,62,Female,121441,City C
1283,67,Female,134245,City A
1284,37,Female,85998,City C
1285,60,Female,112481,City A
1286,40,Female,80650,City C
1287,49,Female,64721,City C
1288,40,Female,75555,City B
1289,46,Female,104627,City A
1290,23,Female,89607,City B
1291,63,Female,80604,City C
1292,46,Female,66912,City B
1293,58,Female,29821,City A
1294,29,Female,62211,City C
1295,21,Female,99143,City A
1296,67,Female,148516,City C
1297,39,Female,136313,City A
1298,41,Female,43224,City A
1299,48,Female,127561,City A
1300,30,Female,112806,City C
1301,64,Female,47258,City C
1302,68,Female,45696,City B
1303,57,Female,123108,City B
1304,61,Female,51411,City B
1305,66,Female,20373,City A
1306,63,Female,127457,City C
1307,38,Female,34150,City C
1308,67,Female,135407,City A
1309,30,Female,80549,City C
1310,53,Female,71674,City C
1311,62,Female,139082,City A
1312,46,Female,145662,City C
1313,68,Female,41914,City A
1314,53,Female,42774,City A
1315,18,Female,34275,City A
1316,29,Female,144251,City B
1317,65,Female,104663,City A
1318,58,Female,33118,City B
1319,44,Female,113204,City C
1320,48,Female,94427,City A
1321,59,Female,143817,City C
1322,41,Female,61254,City C
1323,49,Female,78162,City B
1324,40,Female,62004,City A
1325,51,Female,104097,City C
1326,38,Female,36823,City C
1327,59,Female,71625,City B
1328,24,Female,116197,City A
1329,36,Female,126267,City B
1330,41,Female,32861,City B
1331,48,Female,136492,City C
1332,18,Female,47094,City B
1333,57,Female,88727,City C
1334,26,Female,143317,City A
1335,37,Female,136930,City A
1336,27,Female,61548,City A
1337,66,Female,59322,City A
1338,23,Female,145809,City A
1339,61,Female,101806,City C
1340,60,Female,82321,City C
1341,22,Female,141688,City A
1342,69,Female,65606,City A
1343,40,Female,71242,City A
1344,33,Female,99541,City C
1345,47,Female,51252,City C
1346,22,Female,75387,City C
1347,36,Female,120283,City B
1348,60,Female,98345,City C
1349,48,Female,103901,City B
1350,27,Female,21841,City A
1351,54,Female,70682,City C
1352,55,Female,135417,City C
1353,19,Female,92152,City A
1354,18,Female,114057,City C
1355,28,Female,110244,City C
1356,42,Female,112997,City B
1357,38,Female,148637,City C
1358,23,Female,124841,City C
1359,20,Female,34928,City C
1360,60,Female,34497,City C
1361,51,Female,126865,City C
1362,68,Female,39024,City B
1363,44,Female,114658,City A
1364,69,Female,94478,City B
1365,49,Female,121081,City A
1366,30,Female,140267,City C
1367,39,Female,22489,City B
1368,46,Female,87085,City C
1369,57,Female,71456,City C
1370,66,Female,84606,City C
1371,26,Female,127656,City A
1372,45,Female,59873,City B
1373,62,Female,23430,City A
1374,54,Female,106241,City B
1375,53,Female,145695,City A
1376,47,Female,65497,City A
1377,45,Female,53768,City A
1378,28,Female,69946,City C
1379,56,Female,79877,City C
1380,51,Female,46330,City A
1381,31,Female,126812,City C
1382,23,Female,45091,City B
1383,53,Female,94571,City A
1384,18,Female,44862,City B
1385,53,Female,29763,City C
1386,45,Female,79248,City B
1387,38,Female,33550,City A
1388,44,Female,124258,City C
1389,66,Female,100653,City A
1390,43,Female,102954,City A
1391,21,Female,128427,City C
1392,40,Female,28976,City C
1393,27,Female,46825,City B
1394,53,Female,33220,City B
1395,57,Female,46208,City C
1396,32,Female,88966,City C
1397,40,Female,114314,City B
1398,20,Female,95318,City C
1399,65,Female,45579,City A
1400,33,Female,91269,City B
1401,36,Female,146718,City B
1402,60,Female,118754,City B
1403,42,Female,123380,City B
1404,55,Female,136542,City A
1405,26,Female,50170,City A
1406,41,Female,73697,City A
1407,29,Female,72725,City A
1408,59,Female,59702,City B
1409,19,Female,36945,City B
1410,44,Female,72133,City C
1411,55,Female,116349,City A
1412,65,Female,102632,City B
1413,39,Female,41778,City C
1414,68,Female,42382,City C
1415,53,Female,77815,City A
1416,49,Female,118683,City C
1417,40,Female,51384,City C
1418,53,Female,34082,City A
1419,23,Female,98941,City C
1420,66,Female,86936,City C
1421,18,Female,98601,City A
1422,40,Female,80380,City A
1423,57,Female,138630,City C
1424,65,Female,35932,City B
1425,52,Female,37337,City B
1426,25,Female,114948,City B
1427,56,Female,72392,City B
1428,28,Female,58192,City A
1429,59,Female,42819,City A
1430,55,Female,118046,City B
1431,36,Female,108301,City B
1432,24,Female,36015,City C
1433,66,Female,110102,City B
1434,26,Female,92492,City B
1435,22,Female,58686,City B
1436,36,Female,92002,City B
1437,25,Female,106410,City C
1438,26,Female,79874,City B
1439,36,Female,128733,City C
1440,32,Female,25588,City C
1441,26,Female,126299,City A
1442,61,Female,32932,City C
1443,36,Female,36084,City B
1444,42,Female,133898,City C
1445,59,Female,105540,City C
1446,24,Female,93209,City C
1447,67,Female,106413,City A
1448,54,Female,20146,City B
1449,50,Female,96195,City B
1450,35,Female,98694,City A
1451,30,Female,71039,City B
1452,53,Female,130623,City B
1453,19,Female,124046,City C
1454,31,Female,29564,City B
1455,53,Female,124327,City C
1456,40,Female,64744,City B
1457,24,Female,134884,City C
1458,38,Female,40697,City B
1459,61,Female,22363,City C
1460,54,Female,79165,City B
1461,58,Female,101542,City A
1462,21,Female,105567,City C
1463,55,Female,66624,City A
1464,41,Female,59218,City A
1465,42,Female,45029,City B
1466,31,Female,110313,City B
1467,51,Female,116645,City B
1468,53,Female,41192,City C
1469,48,Female,113977,City A
1470,30,Female,122520,City C
1471,23,Female,112682,City A
1472,37,Female,26209,City C
1473,36,Female,101312,City C
1474,66,Female,109989,City B
1475,24,Female,73977,City A
1476,57,Female,70787,City A
1477,37,Female,122448,City A
1478,23,Female,21524,City B
1479,68,Female,48959,City C
1480,43,Female,139980,City A
1481,59,Female,38663,City B
1482,26,Female,22330,City A
1483,62,Female,130818,City C
1484,26,Female,144657,City C
1485,53,Female,78983,City B
1486,42,Female,36065,City A
1487,49,Female,41043,City A
1488,51,Female,136243,City B
1489,35,Female,40274,City C
1490,57,Female,125867,City B
1491,34,Female,43515,City C
1492,21,Female,97917,City C
1493,32,Female,47608,City A
1494,19,Female,53648,City A
1495,59,Female,78693,City C
1496,55,Female,45965,City A
1497,23,Female,82942,City A
1498,62,Female,138624,City B
1499,51,Female,119347,City B
1500,48,Female,122793,City B
