Product SKU,Production Schedule_ID,Lead Time (days),Production Capacities (units per hour),Resource Allocation
21,1,4,1,Resource A
48,2,10,4,Resource A
47,3,7,36,Resource B
35,4,17,42,Resource C
3,5,11,29,Resource C
36,6,6,30,Resource C
18,7,6,14,Resource A
53,8,14,20,Resource C
20,9,18,40,Resource A
9,10,7,47,Resource B
76,11,1,8,Resource C
73,12,5,24,Resource C
18,13,4,32,Resource A
44,14,13,15,Resource C
48,15,17,19,Resource B
10,16,7,31,Resource A
19,17,2,28,Resource B
71,18,15,5,Resource C
98,19,13,44,Resource B
74,20,15,12,Resource A
21,21,1,42,Resource C
74,22,3,17,Resource A
49,23,16,15,Resource B
75,24,13,22,Resource A
88,25,10,36,Resource B
24,26,17,16,Resource A
52,27,13,35,Resource A
17,28,18,43,Resource B
11,29,1,43,Resource A
44,30,14,31,Resource B
22,31,13,39,Resource A
67,32,4,39,Resource A
37,33,1,14,Resource A
75,34,19,1,Resource A
17,35,4,13,Resource C
26,36,14,10,Resource A
16,37,14,8,Resource C
63,38,19,3,Resource A
60,39,19,48,Resource B
91,40,19,14,Resource C
14,41,14,12,Resource B
95,42,6,39,Resource C
40,43,1,22,Resource A
18,44,4,38,Resource B
92,45,11,30,Resource C
36,46,13,9,Resource B
18,47,15,27,Resource C
56,48,9,4,Resource A
10,49,15,16,Resource C
79,50,13,5,Resource B
91,51,16,12,Resource B
17,52,4,23,Resource B
49,53,11,31,Resource C
55,54,19,16,Resource A
83,55,16,12,Resource B
24,56,5,33,Resource B
83,57,9,7,Resource C
67,58,13,27,Resource C
53,59,7,42,Resource B
11,60,1,28,Resource B
66,61,1,32,Resource B
98,62,1,11,Resource A
99,63,16,23,Resource C
70,64,17,39,Resource C
13,65,9,36,Resource B
78,66,13,20,Resource B
57,67,1,1,Resource B
44,68,15,23,Resource C
6,69,4,43,Resource C
92,70,9,48,Resource A
87,71,8,20,Resource B
43,72,13,8,Resource C
14,73,11,21,Resource A
15,74,2,8,Resource C
97,75,1,1,Resource B
91,76,6,12,Resource B
18,77,13,12,Resource C
55,78,8,28,Resource C
49,79,11,45,Resource A
52,80,3,28,Resource C
73,81,9,9,Resource B
77,82,15,23,Resource B
46,83,4,12,Resource C
96,84,10,45,Resource B
39,85,18,28,Resource B
84,86,1,32,Resource A
8,87,2,8,Resource A
84,88,8,18,Resource C
80,89,5,39,Resource C
34,90,4,11,Resource A
64,91,12,4,Resource B
58,92,6,23,Resource B
91,93,2,33,Resource A
62,94,10,25,Resource B
97,95,15,32,Resource B
33,96,18,47,Resource B
58,97,13,10,Resource A
15,98,12,19,Resource A
41,99,19,40,Resource C
28,100,4,10,Resource A
40,101,7,15,Resource A
68,102,9,24,Resource C
25,103,5,9,Resource B
58,104,13,30,Resource A
95,105,7,45,Resource A
59,106,11,35,Resource C
26,107,13,15,Resource B
41,108,13,46,Resource C
18,109,8,5,Resource B
27,110,12,26,Resource C
62,111,18,43,Resource A
83,112,18,46,Resource A
65,113,9,5,Resource C
40,114,6,35,Resource B
16,115,18,32,Resource A
31,116,10,8,Resource C
70,117,5,43,Resource A
58,118,8,26,Resource C
29,119,16,35,Resource B
74,120,3,47,Resource A
84,121,14,15,Resource C
69,122,1,12,Resource A
24,123,14,38,Resource C
54,124,4,18,Resource C
82,125,13,22,Resource B
33,126,19,25,Resource A
27,127,2,3,Resource B
72,128,7,37,Resource C
27,129,9,9,Resource B
92,130,11,24,Resource A
92,131,9,18,Resource B
56,132,12,26,Resource A
65,133,1,3,Resource A
19,134,14,8,Resource B
78,135,19,39,Resource C
70,136,2,14,Resource C
83,137,14,35,Resource C
10,138,19,32,Resource C
3,139,14,17,Resource B
3,140,18,47,Resource A
71,141,10,43,Resource B
51,142,17,26,Resource B
31,143,12,5,Resource C
53,144,5,47,Resource B
6,145,19,13,Resource B
94,146,8,32,Resource C
51,147,4,12,Resource A
76,148,11,31,Resource B
75,149,2,32,Resource C
34,150,5,1,Resource C
67,151,3,23,Resource C
94,152,6,13,Resource A
65,153,3,23,Resource A
2,154,4,14,Resource C
44,155,6,22,Resource B
81,156,19,31,Resource C
29,157,6,39,Resource A
48,158,8,19,Resource C
99,159,14,7,Resource C
31,160,12,27,Resource A
15,161,3,6,Resource C
86,162,3,15,Resource C
72,163,8,14,Resource A
1,164,5,8,Resource A
98,165,12,19,Resource C
95,166,9,47,Resource C
93,167,5,37,Resource A
60,168,10,18,Resource B
33,169,3,19,Resource B
63,170,10,8,Resource C
69,171,11,32,Resource C
72,172,6,16,Resource B
87,173,14,31,Resource B
10,174,13,36,Resource B
19,175,18,15,Resource A
29,176,14,47,Resource B
51,177,6,7,Resource C
39,178,10,21,Resource C
49,179,16,16,Resource A
20,180,8,21,Resource A
99,181,13,21,Resource C
40,182,10,32,Resource A
86,183,17,21,Resource C
43,184,1,24,Resource C
5,185,1,9,Resource C
3,186,10,45,Resource C
8,187,1,4,Resource A
92,188,3,41,Resource C
14,189,7,4,Resource B
39,190,17,17,Resource A
78,191,3,7,Resource A
88,192,3,24,Resource A
26,193,4,48,Resource C
13,194,9,13,Resource C
98,195,6,5,Resource A
95,196,3,35,Resource B
38,197,1,17,Resource C
32,198,13,1,Resource B
96,199,18,30,Resource B
89,200,14,45,Resource C
44,201,17,22,Resource B
45,202,3,8,Resource A
39,203,14,38,Resource B
8,204,3,42,Resource A
83,205,7,45,Resource B
4,206,7,45,Resource B
46,207,15,46,Resource C
89,208,11,26,Resource A
97,209,3,34,Resource C
96,210,4,10,Resource A
40,211,7,42,Resource A
61,212,8,23,Resource C
4,213,10,14,Resource C
44,214,5,23,Resource C
89,215,14,18,Resource C
15,216,18,18,Resource C
21,217,15,9,Resource A
14,218,18,32,Resource B
48,219,3,17,Resource A
37,220,16,48,Resource C
76,221,15,22,Resource C
59,222,7,34,Resource B
18,223,5,31,Resource A
5,224,2,19,Resource A
89,225,19,19,Resource A
60,226,13,15,Resource A
83,227,4,41,Resource C
7,228,4,37,Resource B
14,229,8,18,Resource A
56,230,13,5,Resource A
45,231,3,8,Resource C
73,232,12,4,Resource C
64,233,9,35,Resource A
47,234,7,34,Resource B
59,235,2,38,Resource A
63,236,5,17,Resource C
75,237,14,20,Resource C
17,238,8,34,Resource C
55,239,17,43,Resource B
44,240,9,26,Resource B
48,241,18,36,Resource A
84,242,15,20,Resource A
80,243,3,49,Resource B
27,244,17,25,Resource B
26,245,16,28,Resource B
73,246,12,14,Resource A
62,247,7,11,Resource B
74,248,19,42,Resource C
71,249,4,26,Resource C
38,250,13,46,Resource A
39,251,6,33,Resource B
99,252,15,1,Resource C
61,253,16,47,Resource C
70,254,18,7,Resource C
20,255,14,4,Resource B
49,256,15,45,Resource B
52,257,5,43,Resource B
7,258,4,20,Resource B
68,259,7,34,Resource B
99,260,16,32,Resource B
8,261,16,32,Resource B
84,262,11,43,Resource B
29,263,10,20,Resource C
72,264,8,27,Resource B
93,265,19,39,Resource A
90,266,3,6,Resource B
21,267,5,7,Resource A
38,268,3,49,Resource C
56,269,6,26,Resource B
10,270,10,46,Resource A
76,271,14,4,Resource C
5,272,13,49,Resource B
27,273,10,27,Resource A
32,274,5,16,Resource C
40,275,18,29,Resource C
76,276,8,30,Resource A
39,277,16,16,Resource C
43,278,5,9,Resource A
57,279,18,42,Resource C
78,280,15,43,Resource C
29,281,14,11,Resource A
75,282,5,4,Resource B
80,283,4,31,Resource C
17,284,16,33,Resource B
58,285,9,49,Resource C
45,286,16,47,Resource C
6,287,4,3,Resource B
47,288,1,33,Resource C
88,289,2,48,Resource B
55,290,13,22,Resource C
79,291,7,2,Resource A
16,292,6,3,Resource A
34,293,9,19,Resource A
36,294,7,14,Resource B
84,295,16,19,Resource A
45,296,7,38,Resource A
28,297,1,39,Resource A
15,298,2,47,Resource C
65,299,11,14,Resource B
70,300,11,12,Resource B
17,301,15,5,Resource C
68,302,10,5,Resource A
99,303,18,16,Resource B
96,304,11,4,Resource C
11,305,9,45,Resource A
84,306,19,43,Resource B
83,307,6,18,Resource B
15,308,9,10,Resource A
41,309,9,3,Resource B
14,310,14,37,Resource B
81,311,3,2,Resource B
9,312,3,45,Resource B
64,313,4,12,Resource B
51,314,8,10,Resource A
7,315,6,46,Resource B
86,316,2,5,Resource B
61,317,18,8,Resource A
50,318,6,38,Resource A
14,319,4,26,Resource C
41,320,19,27,Resource C
96,321,8,27,Resource B
88,322,9,3,Resource C
66,323,19,14,Resource B
68,324,14,25,Resource A
49,325,15,17,Resource C
21,326,13,12,Resource C
53,327,19,7,Resource B
86,328,16,20,Resource C
96,329,17,4,Resource C
18,330,10,46,Resource A
45,331,11,27,Resource A
60,332,16,1,Resource C
28,333,15,47,Resource A
17,334,12,14,Resource B
18,335,6,9,Resource C
25,336,12,11,Resource A
51,337,13,26,Resource A
43,338,9,9,Resource B
89,339,7,41,Resource A
74,340,3,21,Resource A
37,341,2,27,Resource A
67,342,9,16,Resource A
7,343,9,7,Resource C
94,344,15,30,Resource B
31,345,17,38,Resource A
18,346,4,44,Resource B
2,347,14,45,Resource B
11,348,4,7,Resource B
71,349,13,3,Resource A
58,350,10,4,Resource B
91,351,9,16,Resource C
8,352,17,33,Resource A
78,353,8,20,Resource B
97,354,1,20,Resource B
75,355,7,32,Resource C
37,356,18,20,Resource B
80,357,6,33,Resource B
62,358,7,15,Resource B
50,359,4,33,Resource A
25,360,1,34,Resource A
36,361,18,27,Resource C
40,362,5,42,Resource B
51,363,14,43,Resource B
72,364,16,44,Resource C
67,365,18,5,Resource B
46,366,19,42,Resource B
66,367,19,22,Resource A
87,368,5,18,Resource B
23,369,15,21,Resource A
77,370,7,47,Resource B
79,371,16,1,Resource C
5,372,11,44,Resource A
71,373,14,31,Resource B
55,374,11,35,Resource A
90,375,5,33,Resource B
43,376,6,46,Resource A
67,377,17,8,Resource C
26,378,9,35,Resource A
18,379,15,32,Resource C
47,380,19,42,Resource A
76,381,5,42,Resource A
36,382,2,42,Resource B
41,383,16,34,Resource A
93,384,15,19,Resource B
66,385,18,39,Resource A
30,386,7,8,Resource B
50,387,12,39,Resource A
21,388,14,10,Resource C
57,389,5,4,Resource A
67,390,7,44,Resource C
97,391,17,14,Resource B
47,392,19,23,Resource A
92,393,1,1,Resource B
86,394,11,46,Resource C
10,395,12,23,Resource A
87,396,12,8,Resource C
89,397,1,8,Resource A
19,398,17,27,Resource C
90,399,10,34,Resource B
45,400,9,18,Resource B
44,401,12,49,Resource C
7,402,19,13,Resource C
78,403,2,38,Resource C
44,404,11,24,Resource B
9,405,1,27,Resource B
60,406,8,43,Resource C
89,407,10,46,Resource A
99,408,7,28,Resource A
40,409,4,33,Resource C
38,410,10,16,Resource C
41,411,2,2,Resource C
57,412,3,10,Resource A
17,413,12,21,Resource B
33,414,19,3,Resource C
59,415,5,44,Resource C
48,416,4,8,Resource C
63,417,5,29,Resource A
24,418,15,47,Resource A
71,419,2,33,Resource B
27,420,19,12,Resource C
89,421,6,7,Resource C
80,422,11,46,Resource B
78,423,10,39,Resource B
83,424,14,17,Resource B
54,425,13,2,Resource A
61,426,8,37,Resource C
28,427,13,11,Resource A
31,428,1,26,Resource A
53,429,19,19,Resource B
87,430,1,41,Resource C
66,431,18,13,Resource C
72,432,8,6,Resource C
17,433,8,6,Resource B
19,434,15,18,Resource A
40,435,10,5,Resource B
53,436,13,40,Resource C
76,437,3,15,Resource B
93,438,8,13,Resource B
85,439,10,46,Resource A
28,440,4,21,Resource C
44,441,13,6,Resource C
84,442,1,32,Resource C
16,443,8,38,Resource A
4,444,12,21,Resource A
10,445,17,32,Resource C
55,446,7,8,Resource A
64,447,12,41,Resource C
40,448,12,6,Resource A
7,449,15,35,Resource C
63,450,19,15,Resource C
75,451,16,13,Resource B
10,452,4,4,Resource A
46,453,15,40,Resource C
54,454,2,46,Resource A
44,455,15,32,Resource C
76,456,11,40,Resource B
84,457,7,9,Resource C
94,458,1,14,Resource A
93,459,12,37,Resource A
49,460,16,43,Resource B
19,461,17,39,Resource C
24,462,15,48,Resource A
93,463,11,29,Resource C
64,464,2,34,Resource B
85,465,19,41,Resource C
9,466,3,41,Resource B
98,467,7,9,Resource B
54,468,18,46,Resource B
85,469,16,27,Resource B
7,470,2,44,Resource C
36,471,9,42,Resource C
76,472,2,29,Resource B
1,473,4,18,Resource B
88,474,2,33,Resource A
56,475,15,38,Resource B
84,476,19,45,Resource A
26,477,14,11,Resource A
33,478,6,24,Resource A
46,479,11,26,Resource B
93,480,11,11,Resource B
55,481,18,17,Resource B
83,482,17,36,Resource C
9,483,3,9,Resource C
8,484,18,33,Resource C
97,485,17,45,Resource A
41,486,1,30,Resource A
4,487,11,6,Resource C
77,488,3,33,Resource B
90,489,8,28,Resource C
19,490,6,26,Resource C
39,491,2,48,Resource C
11,492,3,23,Resource B
30,493,5,5,Resource B
12,494,16,41,Resource A
6,495,10,12,Resource A
64,496,6,28,Resource C
65,497,1,11,Resource A
52,498,8,6,Resource C
68,499,6,13,Resource A
32,500,4,33,Resource C
64,501,3,38,Resource C
29,502,11,9,Resource A
79,503,6,17,Resource A
73,504,11,21,Resource C
91,505,17,27,Resource A
26,506,2,15,Resource A
81,507,12,13,Resource B
85,508,18,38,Resource A
51,509,10,34,Resource C
47,510,8,12,Resource A
47,511,8,11,Resource C
11,512,4,16,Resource C
27,513,2,48,Resource A
7,514,3,6,Resource B
79,515,5,49,Resource C
66,516,14,24,Resource B
72,517,19,19,Resource B
15,518,15,20,Resource C
69,519,12,3,Resource C
98,520,2,1,Resource B
89,521,9,18,Resource C
1,522,5,18,Resource C
9,523,15,6,Resource B
85,524,7,1,Resource C
39,525,6,33,Resource B
32,526,4,25,Resource A
78,527,19,1,Resource A
86,528,3,15,Resource A
87,529,4,42,Resource C
2,530,3,45,Resource B
4,531,11,18,Resource C
26,532,11,26,Resource C
42,533,8,48,Resource A
89,534,15,46,Resource C
41,535,4,46,Resource C
95,536,15,2,Resource B
60,537,6,23,Resource A
88,538,2,20,Resource B
43,539,7,31,Resource B
16,540,9,40,Resource B
51,541,8,17,Resource A
54,542,7,25,Resource B
36,543,1,4,Resource C
42,544,17,35,Resource B
42,545,1,7,Resource A
76,546,4,1,Resource B
59,547,10,1,Resource A
68,548,14,25,Resource B
86,549,4,23,Resource C
47,550,9,32,Resource B
58,551,14,5,Resource A
68,552,11,40,Resource C
30,553,15,6,Resource A
98,554,11,29,Resource C
24,555,10,44,Resource B
42,556,10,20,Resource B
29,557,4,22,Resource B
17,558,4,24,Resource C
45,559,5,11,Resource A
48,560,9,39,Resource A
36,561,9,48,Resource B
3,562,11,48,Resource C
47,563,10,49,Resource B
77,564,13,26,Resource C
43,565,7,28,Resource C
10,566,1,23,Resource C
85,567,17,40,Resource B
55,568,7,14,Resource B
25,569,2,29,Resource A
80,570,8,27,Resource C
57,571,8,6,Resource A
81,572,10,25,Resource A
85,573,1,17,Resource A
99,574,17,4,Resource B
38,575,12,14,Resource B
23,576,6,15,Resource C
8,577,14,16,Resource C
23,578,18,1,Resource C
89,579,1,39,Resource B
83,580,3,26,Resource C
67,581,14,9,Resource C
49,582,8,10,Resource A
15,583,12,38,Resource A
41,584,13,10,Resource B
95,585,9,37,Resource B
69,586,7,49,Resource B
44,587,17,40,Resource C
77,588,1,48,Resource A
99,589,10,6,Resource A
76,590,16,28,Resource B
63,591,3,29,Resource C
5,592,3,19,Resource C
16,593,11,36,Resource A
72,594,6,17,Resource A
21,595,13,27,Resource C
97,596,10,46,Resource A
23,597,5,6,Resource C
52,598,5,35,Resource A
29,599,13,3,Resource A
11,600,19,1,Resource A
46,601,14,35,Resource C
69,602,17,26,Resource A
70,603,5,21,Resource B
10,604,13,7,Resource B
52,605,15,32,Resource B
76,606,8,29,Resource A
74,607,9,35,Resource B
83,608,11,4,Resource A
91,609,4,5,Resource B
8,610,2,5,Resource B
2,611,6,34,Resource C
51,612,8,25,Resource B
58,613,15,29,Resource A
86,614,4,15,Resource A
10,615,1,30,Resource B
74,616,10,12,Resource B
14,617,4,12,Resource A
14,618,15,15,Resource B
93,619,17,42,Resource A
44,620,5,35,Resource A
77,621,10,20,Resource B
81,622,15,49,Resource A
74,623,15,15,Resource B
42,624,7,40,Resource A
42,625,6,40,Resource A
72,626,3,32,Resource A
17,627,6,2,Resource B
48,628,11,10,Resource A
63,629,4,25,Resource C
28,630,12,31,Resource C
57,631,2,18,Resource B
47,632,6,44,Resource C
47,633,11,26,Resource A
43,634,12,7,Resource C
32,635,5,19,Resource A
68,636,15,28,Resource A
65,637,13,34,Resource A
69,638,14,4,Resource A
38,639,13,31,Resource C
16,640,9,37,Resource C
84,641,5,12,Resource A
10,642,1,7,Resource C
88,643,11,45,Resource C
32,644,5,13,Resource B
38,645,18,17,Resource B
42,646,5,45,Resource C
75,647,8,8,Resource B
26,648,7,12,Resource B
81,649,9,14,Resource A
56,650,18,12,Resource A
64,651,6,16,Resource B
69,652,3,39,Resource A
55,653,6,1,Resource C
65,654,15,24,Resource B
94,655,6,20,Resource A
96,656,16,20,Resource A
29,657,5,32,Resource C
9,658,19,7,Resource A
55,659,9,32,Resource B
7,660,18,29,Resource C
67,661,5,36,Resource B
38,662,11,6,Resource C
45,663,18,21,Resource C
14,664,7,41,Resource A
42,665,11,40,Resource A
71,666,5,44,Resource C
32,667,7,35,Resource B
99,668,5,6,Resource A
76,669,2,7,Resource C
28,670,17,1,Resource B
41,671,11,7,Resource A
54,672,2,24,Resource C
40,673,5,22,Resource B
31,674,11,40,Resource A
61,675,6,19,Resource A
6,676,16,34,Resource C
5,677,8,4,Resource A
80,678,5,21,Resource C
98,679,12,47,Resource A
10,680,8,23,Resource B
50,681,17,4,Resource A
48,682,10,21,Resource B
48,683,4,6,Resource C
98,684,18,15,Resource B
48,685,14,48,Resource A
3,686,11,12,Resource A
23,687,17,8,Resource C
94,688,2,4,Resource A
90,689,8,21,Resource B
76,690,13,12,Resource C
37,691,10,11,Resource A
67,692,11,48,Resource B
86,693,19,18,Resource A
34,694,14,18,Resource C
34,695,12,41,Resource A
72,696,16,35,Resource C
85,697,18,26,Resource A
63,698,6,19,Resource A
42,699,13,28,Resource C
50,700,14,18,Resource C
39,701,5,27,Resource B
80,702,15,42,Resource A
10,703,1,25,Resource A
4,704,5,32,Resource B
32,705,7,10,Resource B
84,706,7,11,Resource A
31,707,19,6,Resource A
81,708,18,38,Resource C
58,709,8,8,Resource C
53,710,5,2,Resource C
46,711,16,45,Resource B
45,712,8,3,Resource A
86,713,8,21,Resource B
87,714,4,27,Resource A
71,715,10,13,Resource A
51,716,1,30,Resource C
15,717,5,26,Resource C
70,718,8,16,Resource A
23,719,13,39,Resource B
74,720,13,1,Resource C
29,721,10,23,Resource B
52,722,1,27,Resource A
15,723,10,16,Resource B
33,724,18,20,Resource B
53,725,13,3,Resource B
28,726,10,19,Resource A
23,727,11,24,Resource C
36,728,12,6,Resource A
4,729,16,36,Resource C
22,730,16,25,Resource A
36,731,8,45,Resource B
31,732,16,44,Resource A
1,733,19,32,Resource A
40,734,6,46,Resource A
42,735,18,26,Resource A
29,736,16,14,Resource B
75,737,12,49,Resource A
42,738,2,27,Resource C
50,739,12,40,Resource C
52,740,19,27,Resource B
98,741,3,32,Resource C
84,742,5,48,Resource C
97,743,11,31,Resource C
35,744,11,34,Resource C
39,745,14,13,Resource C
53,746,17,46,Resource C
75,747,8,28,Resource A
36,748,15,30,Resource B
13,749,11,14,Resource A
87,750,17,39,Resource B
67,751,13,46,Resource C
95,752,13,28,Resource A
88,753,9,10,Resource C
17,754,14,35,Resource A
33,755,14,49,Resource B
89,756,4,44,Resource B
6,757,16,44,Resource A
58,758,8,28,Resource A
60,759,7,31,Resource A
52,760,19,5,Resource B
32,761,19,8,Resource C
85,762,5,39,Resource A
77,763,5,46,Resource B
78,764,15,47,Resource C
99,765,13,3,Resource C
27,766,19,27,Resource C
60,767,16,16,Resource B
40,768,10,11,Resource A
46,769,5,38,Resource A
77,770,19,43,Resource A
7,771,18,1,Resource A
2,772,13,20,Resource A
40,773,2,23,Resource A
63,774,14,3,Resource A
98,775,10,38,Resource B
64,776,3,6,Resource B
90,777,19,1,Resource A
18,778,7,24,Resource B
23,779,8,30,Resource B
68,780,13,9,Resource A
40,781,4,32,Resource C
58,782,2,48,Resource C
15,783,18,13,Resource B
91,784,8,33,Resource A
61,785,16,12,Resource B
48,786,10,49,Resource A
53,787,8,45,Resource C
22,788,11,34,Resource B
67,789,6,17,Resource C
63,790,10,4,Resource A
37,791,9,41,Resource C
15,792,8,5,Resource C
96,793,18,9,Resource B
4,794,11,29,Resource A
3,795,1,5,Resource C
61,796,11,24,Resource B
6,797,14,43,Resource B
96,798,4,22,Resource A
52,799,12,48,Resource B
35,800,18,30,Resource A
12,801,15,16,Resource B
98,802,4,11,Resource B
15,803,17,24,Resource B
62,804,14,32,Resource A
6,805,7,41,Resource A
68,806,18,16,Resource C
28,807,12,28,Resource A
7,808,4,16,Resource A
10,809,5,35,Resource A
27,810,5,4,Resource B
96,811,15,10,Resource C
23,812,4,42,Resource A
9,813,3,49,Resource B
3,814,12,15,Resource C
47,815,18,39,Resource B
65,816,17,46,Resource A
75,817,4,23,Resource C
66,818,14,41,Resource A
67,819,15,47,Resource B
11,820,4,46,Resource C
90,821,7,4,Resource C
74,822,7,2,Resource C
38,823,17,5,Resource A
49,824,8,13,Resource C
42,825,15,25,Resource A
43,826,8,6,Resource B
37,827,4,45,Resource B
30,828,15,43,Resource C
40,829,18,35,Resource B
13,830,1,39,Resource C
36,831,17,26,Resource C
85,832,17,27,Resource A
78,833,7,23,Resource A
13,834,15,17,Resource C
74,835,4,13,Resource B
80,836,1,43,Resource C
11,837,11,23,Resource A
81,838,8,4,Resource B
19,839,1,32,Resource C
19,840,14,12,Resource C
83,841,16,23,Resource A
92,842,10,10,Resource B
22,843,18,38,Resource C
48,844,10,45,Resource C
98,845,6,39,Resource B
18,846,6,28,Resource C
27,847,3,41,Resource B
50,848,19,2,Resource B
38,849,15,1,Resource C
8,850,4,21,Resource C
64,851,16,13,Resource B
15,852,9,42,Resource B
93,853,1,23,Resource B
33,854,6,28,Resource B
18,855,17,38,Resource B
3,856,4,7,Resource C
39,857,15,28,Resource C
76,858,6,47,Resource B
15,859,13,4,Resource C
22,860,8,4,Resource B
2,861,13,4,Resource B
45,862,14,36,Resource A
33,863,4,15,Resource A
37,864,14,47,Resource A
42,865,13,19,Resource A
93,866,9,49,Resource B
84,867,18,49,Resource C
51,868,5,13,Resource A
72,869,6,18,Resource A
26,870,12,29,Resource A
87,871,4,47,Resource B
88,872,10,4,Resource B
63,873,15,7,Resource B
76,874,9,8,Resource B
35,875,15,2,Resource A
82,876,18,5,Resource C
56,877,10,44,Resource A
21,878,8,29,Resource B
77,879,12,31,Resource A
35,880,8,7,Resource B
56,881,3,22,Resource C
55,882,1,5,Resource B
39,883,15,37,Resource A
25,884,16,33,Resource A
75,885,11,40,Resource B
94,886,14,19,Resource C
83,887,5,47,Resource B
45,888,10,18,Resource C
15,889,12,27,Resource A
34,890,1,29,Resource A
9,891,7,8,Resource B
1,892,17,8,Resource C
18,893,12,22,Resource C
57,894,5,25,Resource C
13,895,9,36,Resource B
5,896,18,46,Resource B
93,897,7,11,Resource B
8,898,16,18,Resource C
24,899,16,27,Resource A
96,900,9,7,Resource B
31,901,2,47,Resource C
19,902,9,12,Resource A
37,903,19,28,Resource C
9,904,6,40,Resource B
97,905,1,46,Resource B
9,906,18,27,Resource B
11,907,12,29,Resource C
77,908,3,5,Resource C
95,909,10,17,Resource B
67,910,16,9,Resource C
81,911,6,13,Resource B
53,912,2,23,Resource A
76,913,19,24,Resource A
27,914,8,31,Resource C
29,915,12,38,Resource A
27,916,7,32,Resource B
18,917,1,29,Resource B
35,918,19,16,Resource B
20,919,17,15,Resource C
61,920,19,30,Resource A
60,921,12,13,Resource B
27,922,3,10,Resource C
73,923,15,14,Resource C
94,924,18,47,Resource A
82,925,2,42,Resource A
54,926,5,20,Resource A
64,927,18,31,Resource B
3,928,11,36,Resource A
91,929,13,2,Resource C
45,930,14,21,Resource B
76,931,12,31,Resource B
20,932,9,14,Resource C
59,933,17,23,Resource C
61,934,14,45,Resource C
77,935,2,14,Resource A
29,936,9,49,Resource A
49,937,14,22,Resource B
28,938,1,11,Resource B
73,939,12,13,Resource A
72,940,4,41,Resource C
38,941,11,34,Resource C
41,942,4,16,Resource C
88,943,17,17,Resource A
7,944,1,15,Resource C
90,945,3,14,Resource B
3,946,16,8,Resource B
34,947,3,23,Resource C
19,948,10,18,Resource B
12,949,19,31,Resource A
67,950,8,23,Resource B
6,951,19,6,Resource C
51,952,12,12,Resource B
77,953,18,16,Resource C
83,954,8,35,Resource B
55,955,18,19,Resource B
92,956,11,44,Resource B
15,957,3,27,Resource C
98,958,19,44,Resource C
44,959,1,44,Resource A
41,960,7,3,Resource C
91,961,5,47,Resource C
20,962,11,49,Resource C
47,963,6,20,Resource B
2,964,5,41,Resource A
56,965,16,17,Resource C
23,966,8,18,Resource A
15,967,5,28,Resource A
28,968,10,27,Resource C
26,969,17,26,Resource C
36,970,8,29,Resource A
88,971,11,14,Resource B
31,972,17,44,Resource A
29,973,9,29,Resource C
37,974,8,28,Resource C
35,975,11,26,Resource A
77,976,11,40,Resource B
31,977,19,34,Resource A
27,978,18,38,Resource A
47,979,2,28,Resource B
29,980,1,34,Resource C
42,981,4,39,Resource B
22,982,6,34,Resource C
34,983,4,30,Resource B
61,984,9,34,Resource A
81,985,15,15,Resource C
33,986,11,48,Resource B
54,987,14,10,Resource C
63,988,19,22,Resource B
78,989,15,42,Resource A
51,990,17,21,Resource A
37,991,12,10,Resource A
79,992,12,41,Resource C
71,993,11,43,Resource C
44,994,17,7,Resource A
23,995,10,44,Resource C
67,996,8,22,Resource C
34,997,12,48,Resource A
89,998,13,16,Resource B
12,999,12,33,Resource A
41,1000,16,17,Resource C
21,1001,1,18,Resource B
14,1002,17,24,Resource B
12,1003,15,16,Resource C
76,1004,10,16,Resource A
65,1005,8,34,Resource B
27,1006,18,6,Resource A
94,1007,5,23,Resource A
53,1008,12,45,Resource A
94,1009,12,38,Resource A
48,1010,1,24,Resource A
99,1011,7,27,Resource A
91,1012,5,23,Resource B
58,1013,19,3,Resource B
56,1014,9,22,Resource C
51,1015,3,24,Resource A
74,1016,10,22,Resource B
24,1017,5,22,Resource A
44,1018,4,40,Resource A
80,1019,9,27,Resource C
26,1020,2,18,Resource A
93,1021,12,31,Resource A
42,1022,13,30,Resource B
10,1023,17,17,Resource B
25,1024,1,7,Resource C
89,1025,11,49,Resource B
61,1026,12,41,Resource C
76,1027,12,12,Resource C
57,1028,15,20,Resource B
46,1029,7,40,Resource C
9,1030,9,16,Resource C
59,1031,4,21,Resource C
81,1032,6,22,Resource B
67,1033,6,35,Resource C
65,1034,18,45,Resource A
66,1035,17,6,Resource C
5,1036,19,30,Resource A
13,1037,12,34,Resource B
8,1038,2,21,Resource B
30,1039,5,17,Resource C
93,1040,6,15,Resource B
57,1041,14,12,Resource B
36,1042,17,37,Resource A
45,1043,11,45,Resource C
93,1044,3,27,Resource A
14,1045,14,6,Resource B
58,1046,4,18,Resource B
65,1047,13,31,Resource B
17,1048,16,36,Resource C
68,1049,18,48,Resource C
30,1050,6,47,Resource C
64,1051,7,26,Resource A
29,1052,19,43,Resource B
20,1053,6,4,Resource B
94,1054,19,6,Resource B
91,1055,10,13,Resource C
79,1056,9,24,Resource A
74,1057,7,33,Resource C
77,1058,15,34,Resource A
52,1059,6,25,Resource C
82,1060,11,36,Resource B
85,1061,8,26,Resource B
30,1062,8,14,Resource A
92,1063,14,10,Resource B
77,1064,16,17,Resource C
13,1065,17,37,Resource C
47,1066,3,27,Resource C
34,1067,12,12,Resource B
52,1068,5,42,Resource C
4,1069,16,45,Resource C
4,1070,5,24,Resource C
96,1071,5,38,Resource A
88,1072,11,34,Resource C
8,1073,12,30,Resource C
23,1074,7,45,Resource B
51,1075,5,20,Resource A
57,1076,6,43,Resource B
37,1077,14,10,Resource B
47,1078,10,47,Resource A
66,1079,14,39,Resource B
21,1080,19,36,Resource B
50,1081,4,27,Resource A
26,1082,9,24,Resource A
59,1083,7,28,Resource B
49,1084,5,31,Resource B
30,1085,1,15,Resource C
42,1086,11,1,Resource C
65,1087,10,6,Resource B
61,1088,10,8,Resource C
52,1089,12,11,Resource A
11,1090,9,38,Resource C
59,1091,4,44,Resource C
24,1092,13,34,Resource A
29,1093,18,23,Resource C
9,1094,8,29,Resource A
16,1095,2,16,Resource A
4,1096,6,40,Resource C
34,1097,5,33,Resource C
14,1098,15,27,Resource C
20,1099,2,41,Resource C
26,1100,5,47,Resource C
20,1101,9,44,Resource C
74,1102,17,6,Resource B
71,1103,11,49,Resource A
20,1104,16,30,Resource A
21,1105,12,16,Resource A
92,1106,4,33,Resource B
20,1107,12,33,Resource B
85,1108,14,36,Resource C
36,1109,5,35,Resource B
93,1110,4,13,Resource B
38,1111,9,6,Resource B
22,1112,15,42,Resource C
44,1113,1,42,Resource A
13,1114,7,47,Resource C
24,1115,13,5,Resource A
7,1116,19,49,Resource A
76,1117,4,30,Resource B
25,1118,16,27,Resource C
97,1119,7,39,Resource B
9,1120,3,17,Resource B
47,1121,9,19,Resource C
7,1122,13,12,Resource A
75,1123,2,46,Resource A
81,1124,5,13,Resource C
17,1125,11,25,Resource C
7,1126,6,13,Resource B
68,1127,7,35,Resource C
79,1128,7,29,Resource C
7,1129,2,3,Resource B
76,1130,4,22,Resource C
75,1131,11,36,Resource A
54,1132,19,31,Resource C
3,1133,19,9,Resource A
29,1134,17,13,Resource A
24,1135,16,30,Resource C
83,1136,4,47,Resource C
54,1137,11,8,Resource C
64,1138,1,3,Resource A
1,1139,4,37,Resource C
99,1140,11,3,Resource B
87,1141,12,35,Resource C
4,1142,19,3,Resource C
6,1143,5,42,Resource A
46,1144,5,34,Resource B
97,1145,9,42,Resource C
77,1146,5,42,Resource B
89,1147,13,1,Resource C
62,1148,14,16,Resource B
75,1149,14,7,Resource A
1,1150,12,11,Resource B
45,1151,8,15,Resource C
65,1152,4,2,Resource C
77,1153,10,27,Resource A
77,1154,9,30,Resource C
8,1155,7,39,Resource C
31,1156,1,3,Resource B
42,1157,10,41,Resource B
72,1158,19,14,Resource B
69,1159,2,27,Resource C
26,1160,18,17,Resource A
71,1161,11,10,Resource B
73,1162,14,1,Resource C
93,1163,11,9,Resource C
60,1164,1,17,Resource A
92,1165,11,1,Resource B
8,1166,2,3,Resource A
58,1167,14,17,Resource A
10,1168,18,19,Resource A
44,1169,2,15,Resource C
2,1170,13,22,Resource C
5,1171,4,38,Resource A
56,1172,8,15,Resource B
86,1173,18,35,Resource A
48,1174,9,2,Resource C
21,1175,5,25,Resource A
5,1176,5,24,Resource B
30,1177,9,40,Resource A
3,1178,15,15,Resource B
80,1179,5,35,Resource C
57,1180,3,49,Resource A
44,1181,2,8,Resource A
2,1182,6,22,Resource C
48,1183,1,5,Resource B
23,1184,15,1,Resource C
73,1185,11,3,Resource B
13,1186,14,19,Resource A
29,1187,12,38,Resource A
37,1188,18,21,Resource B
6,1189,3,9,Resource B
76,1190,9,26,Resource C
88,1191,6,5,Resource B
61,1192,13,44,Resource C
20,1193,3,39,Resource A
25,1194,17,36,Resource A
19,1195,17,35,Resource A
70,1196,7,6,Resource A
72,1197,2,10,Resource C
7,1198,15,12,Resource B
44,1199,12,47,Resource A
10,1200,14,4,Resource B
64,1201,4,37,Resource B
86,1202,7,28,Resource A
77,1203,12,23,Resource C
32,1204,15,28,Resource B
4,1205,5,17,Resource B
38,1206,9,26,Resource C
36,1207,5,47,Resource C
12,1208,12,14,Resource C
13,1209,6,18,Resource A
8,1210,2,7,Resource B
12,1211,12,34,Resource B
82,1212,12,25,Resource A
16,1213,7,22,Resource A
16,1214,9,14,Resource A
97,1215,17,3,Resource A
58,1216,7,37,Resource C
26,1217,8,17,Resource C
22,1218,2,32,Resource C
64,1219,16,10,Resource C
57,1220,18,41,Resource A
97,1221,18,1,Resource B
93,1222,3,49,Resource A
18,1223,10,12,Resource A
81,1224,19,28,Resource A
93,1225,10,16,Resource C
6,1226,11,17,Resource A
61,1227,9,46,Resource C
34,1228,13,15,Resource B
3,1229,12,13,Resource B
76,1230,17,11,Resource C
3,1231,3,21,Resource B
56,1232,6,41,Resource A
3,1233,2,12,Resource A
36,1234,7,4,Resource A
20,1235,5,32,Resource A
15,1236,8,3,Resource C
98,1237,5,10,Resource A
19,1238,9,41,Resource A
51,1239,18,43,Resource C
14,1240,9,10,Resource C
72,1241,5,1,Resource C
99,1242,10,28,Resource B
81,1243,17,6,Resource A
80,1244,2,27,Resource C
63,1245,14,15,Resource C
52,1246,5,42,Resource B
26,1247,2,35,Resource B
12,1248,15,39,Resource B
31,1249,6,15,Resource C
89,1250,10,6,Resource C
81,1251,1,31,Resource B
64,1252,4,44,Resource A
14,1253,16,31,Resource B
57,1254,7,32,Resource A
60,1255,6,36,Resource B
52,1256,12,33,Resource A
5,1257,13,16,Resource A
73,1258,9,2,Resource A
81,1259,13,39,Resource A
51,1260,17,2,Resource A
20,1261,17,13,Resource C
33,1262,7,7,Resource A
24,1263,9,22,Resource B
82,1264,13,16,Resource C
71,1265,6,43,Resource B
48,1266,1,32,Resource C
86,1267,5,1,Resource A
43,1268,1,46,Resource A
6,1269,3,16,Resource B
37,1270,6,9,Resource A
5,1271,13,9,Resource B
41,1272,12,38,Resource A
75,1273,16,35,Resource C
8,1274,18,16,Resource C
53,1275,1,11,Resource C
14,1276,19,28,Resource B
68,1277,10,33,Resource B
31,1278,1,25,Resource B
60,1279,2,15,Resource B
96,1280,18,19,Resource B
66,1281,8,21,Resource B
14,1282,8,43,Resource C
44,1283,6,17,Resource A
48,1284,19,47,Resource C
36,1285,19,9,Resource A
4,1286,6,11,Resource B
45,1287,14,42,Resource A
5,1288,6,14,Resource A
55,1289,17,30,Resource B
97,1290,18,21,Resource A
90,1291,17,9,Resource C
4,1292,1,39,Resource C
61,1293,14,42,Resource B
98,1294,7,25,Resource A
78,1295,6,27,Resource B
27,1296,5,26,Resource C
30,1297,18,45,Resource A
7,1298,3,19,Resource C
58,1299,4,40,Resource C
32,1300,12,33,Resource C
60,1301,16,44,Resource A
86,1302,3,19,Resource A
7,1303,11,23,Resource B
68,1304,10,25,Resource B
66,1305,19,43,Resource B
79,1306,16,32,Resource A
58,1307,11,4,Resource B
22,1308,3,8,Resource C
52,1309,5,19,Resource B
80,1310,3,46,Resource B
51,1311,11,45,Resource A
72,1312,1,32,Resource B
41,1313,7,46,Resource C
43,1314,9,47,Resource C
12,1315,19,37,Resource B
92,1316,19,47,Resource C
30,1317,1,8,Resource A
26,1318,7,34,Resource C
66,1319,19,29,Resource B
18,1320,16,44,Resource C
82,1321,8,6,Resource C
62,1322,17,43,Resource B
53,1323,7,46,Resource B
39,1324,1,18,Resource C
99,1325,16,8,Resource A
14,1326,3,42,Resource A
23,1327,17,36,Resource C
18,1328,17,41,Resource C
83,1329,1,32,Resource B
44,1330,6,1,Resource B
24,1331,19,19,Resource C
90,1332,13,27,Resource A
69,1333,8,10,Resource B
34,1334,2,41,Resource B
43,1335,6,49,Resource B
8,1336,14,43,Resource B
25,1337,3,24,Resource B
35,1338,5,46,Resource C
7,1339,9,16,Resource B
87,1340,6,3,Resource B
39,1341,2,40,Resource B
38,1342,6,20,Resource A
64,1343,3,35,Resource A
40,1344,18,20,Resource A
66,1345,9,33,Resource B
77,1346,19,1,Resource A
52,1347,3,35,Resource B
24,1348,4,31,Resource B
86,1349,14,9,Resource A
44,1350,5,31,Resource A
38,1351,13,22,Resource A
26,1352,11,17,Resource A
43,1353,18,12,Resource C
46,1354,7,31,Resource B
45,1355,18,39,Resource C
9,1356,9,8,Resource A
9,1357,1,29,Resource A
26,1358,1,36,Resource B
96,1359,6,21,Resource A
36,1360,1,5,Resource C
65,1361,4,10,Resource C
33,1362,18,24,Resource C
51,1363,15,15,Resource A
73,1364,3,45,Resource C
21,1365,19,25,Resource B
49,1366,10,35,Resource A
93,1367,6,26,Resource C
74,1368,2,28,Resource C
65,1369,4,44,Resource B
16,1370,4,36,Resource C
95,1371,10,45,Resource A
65,1372,7,47,Resource B
6,1373,3,22,Resource C
60,1374,6,30,Resource B
41,1375,4,18,Resource A
11,1376,19,29,Resource A
28,1377,18,15,Resource A
90,1378,5,16,Resource A
73,1379,8,36,Resource B
83,1380,19,28,Resource A
62,1381,8,7,Resource A
93,1382,1,19,Resource C
65,1383,15,45,Resource B
10,1384,13,35,Resource B
77,1385,11,9,Resource A
86,1386,6,32,Resource A
24,1387,3,36,Resource A
44,1388,18,17,Resource C
21,1389,12,32,Resource A
88,1390,11,6,Resource B
96,1391,10,10,Resource C
36,1392,6,27,Resource A
94,1393,14,25,Resource B
11,1394,8,21,Resource C
21,1395,16,37,Resource C
66,1396,4,31,Resource B
1,1397,13,7,Resource A
79,1398,11,43,Resource B
43,1399,17,5,Resource C
21,1400,14,4,Resource A
48,1401,2,21,Resource A
39,1402,2,29,Resource B
18,1403,17,41,Resource A
22,1404,8,20,Resource A
75,1405,8,46,Resource B
67,1406,6,47,Resource A
51,1407,3,36,Resource C
51,1408,18,33,Resource B
77,1409,7,41,Resource A
34,1410,11,9,Resource A
4,1411,5,38,Resource B
75,1412,3,16,Resource B
61,1413,19,45,Resource A
25,1414,1,20,Resource B
85,1415,4,27,Resource B
30,1416,5,36,Resource C
9,1417,17,8,Resource B
31,1418,3,11,Resource B
54,1419,15,30,Resource B
88,1420,3,5,Resource B
65,1421,5,7,Resource A
70,1422,14,43,Resource B
46,1423,11,41,Resource B
86,1424,19,30,Resource B
42,1425,17,30,Resource A
55,1426,4,8,Resource A
24,1427,12,35,Resource B
39,1428,2,8,Resource B
45,1429,11,36,Resource A
58,1430,5,9,Resource B
88,1431,10,15,Resource B
34,1432,9,46,Resource C
26,1433,9,12,Resource A
85,1434,1,17,Resource B
21,1435,8,37,Resource A
63,1436,19,42,Resource A
24,1437,13,42,Resource B
69,1438,4,44,Resource B
17,1439,1,43,Resource A
53,1440,17,12,Resource B
19,1441,16,46,Resource B
24,1442,5,29,Resource C
33,1443,4,10,Resource A
72,1444,10,27,Resource B
38,1445,15,35,Resource C
64,1446,8,49,Resource A
80,1447,9,29,Resource A
4,1448,18,41,Resource A
10,1449,8,33,Resource B
61,1450,9,33,Resource B
36,1451,9,39,Resource B
48,1452,3,18,Resource B
76,1453,2,10,Resource C
94,1454,17,31,Resource A
31,1455,12,29,Resource A
67,1456,17,4,Resource B
26,1457,6,18,Resource C
72,1458,10,26,Resource B
10,1459,14,21,Resource B
53,1460,16,2,Resource A
8,1461,7,17,Resource C
84,1462,15,29,Resource A
99,1463,13,30,Resource A
79,1464,11,24,Resource A
98,1465,6,45,Resource A
91,1466,17,25,Resource A
13,1467,5,37,Resource C
86,1468,5,35,Resource A
59,1469,19,5,Resource B
12,1470,3,12,Resource C
55,1471,11,16,Resource B
25,1472,19,3,Resource A
10,1473,16,38,Resource C
57,1474,4,33,Resource A
7,1475,8,27,Resource C
93,1476,7,32,Resource C
28,1477,17,43,Resource B
13,1478,15,49,Resource A
3,1479,6,45,Resource B
64,1480,13,28,Resource C
67,1481,7,35,Resource C
13,1482,6,1,Resource C
53,1483,11,21,Resource C
99,1484,15,18,Resource A
13,1485,2,2,Resource C
89,1486,7,39,Resource A
66,1487,18,28,Resource C
25,1488,17,15,Resource B
79,1489,13,38,Resource B
97,1490,18,10,Resource C
76,1491,1,13,Resource A
91,1492,2,26,Resource B
19,1493,4,35,Resource C
65,1494,15,45,Resource C
16,1495,8,10,Resource A
26,1496,15,27,Resource B
30,1497,19,28,Resource B
36,1498,17,42,Resource B
75,1499,13,24,Resource A
86,1500,1,43,Resource C
